,Frequency
data,749
course,362
learning,224
cloud,186
learn,184
machine,153
science,143
analysis,137
use,131
python,130
big,130
programming,93
spark,88
build,81
sql,77
concepts,76
computing,74
microservices,72
applications,70
database,68
web,66
ll,63
project,61
deep,60
java,58
analytics,57
able,56
tools,55
language,54
models,54
skills,54
service,52
systems,51
apply,51
ibm,51
create,51
processing,50
reactive,49
specialization,48
techniques,48
microprofile,47
text,47
ai,46
open,46
model,45
application,45
explore,45
basics,44
used,42
101,42
students,41
kubernetes,40
building,40
fundamentals,40
real,40
including,39
world,39
business,38
make,38
databases,37
problems,37
understanding,37
experience,37
hands,37
computer,36
hadoop,36
statistics,35
understand,35
restful,34
javascript,34
apache,33
excel,33
introduce,33
tensorflow,33
designed,33
distributed,32
like,32
services,31
design,31
statistical,31
tables,31
provides,31
work,31
image,30
analyze,30
working,30
simple,29
development,28
relational,28
vision,28
advanced,28
software,28
different,28
visualization,28
networks,27
applied,27
need,26
started,26
knowledge,26
week,26
level,26
identify,26
engineering,25
containers,25
architecture,25
environment,25
methods,25
production,24
watson,24
various,24
help,24
testing,24
process,24
container,24
new,24
neural,23
common,23
perform,23
docker,23
getting,23
deploy,23
guided,22
nosql,22
essentials,22
source,22
operations,22
learners,22
core,22
code,21
algorithms,21
features,21
introduces,21
classification,21
predictive,21
cover,21
courses,21
develop,20
scale,20
health,20
scalable,20
write,20
start,20
tool,20
information,20
framework,19
provide,19
management,19
large,19
key,19
server,19
modeling,19
based,19
native,19
functions,19
fundamental,19
liberty,19
time,19
implement,18
network,18
images,18
pipelines,18
solve,18
library,17
projects,17
practice,17
microservice,17
intelligence,17
technology,17
regression,17
lab,17
set,17
just,16
object,16
node,16
tasks,16
mysql,16
google,16
variety,16
serverless,16
social,16
way,16
json,16
messaging,15
bootcamp,15
postgresql,15
client,15
financial,15
program,15
analyzing,15
types,15
focus,15
technologies,14
topics,14
creating,14
react,14
mapreduce,14
recognition,14
structures,14
storage,14
db2,14
driven,14
consuming,14
videos,14
eclipse,14
test,14
dataset,14
overview,14
linear,14
know,14
security,14
include,14
practical,14
platform,14
welcome,14
gain,14
access,14
natural,13
essential,13
apis,13
career,13
multiple,13
resources,13
examples,13
query,13
foundational,13
covers,13
role,13
complex,13
user,13
best,13
step,13
good,13
analyst,13
exercises,12
datasets,12
clean,12
day,12
free,12
company,12
conference,12
today,12
swift,12
developer,12
hive,12
investment,12
introduced,12
exploring,12
capstone,12
apps,12
performance,12
popular,12
teach,12
scala,12
load,12
complete,12
modern,12
running,12
programs,12
want,12
video,12
series,12
certificate,11
html,11
technical,11
task,11
page,11
scientists,11
chatbot,11
ready,11
hbase,11
analysts,11
hybrid,11
gpu,11
ways,11
structure,11
virtual,11
components,11
feature,11
run,11
libraries,11
train,11
field,11
completed,11
life,11
results,11
sentiment,10
jax,10
cleaning,10
jobs,10
continue,10
developing,10
interested,10
ml,10
questions,10
constraints,10
users,10
sound,10
digital,10
red,10
line,10
detection,10
rs,10
available,10
needed,10
pandas,10
training,10
necessary,10
built,10
online,10
introductory,10
rest,10
engine,10
finally,10
important,10
integration,10
blockchain,10
streaming,10
patterns,10
hardware,10
writing,10
prepare,9
amazon,9
importance,9
infrastructure,9
interface,9
tracing,9
industry,9
css,9
search,9
istio,9
insurance,9
journey,9
clustering,9
class,9
graph,9
high,9
prior,9
processes,9
job,9
hdfs,9
practices,9
aws,9
problem,9
benefits,9
familiar,9
views,9
mathematical,9
value,9
master,9
effective,9
better,9
teaches,9
queries,9
foundation,9
spreadsheets,9
ve,9
managing,9
manage,9
cassandra,9
table,9
exploratory,9
sources,9
steps,9
api,9
discover,9
discuss,9
keys,8
principles,8
human,8
algorithm,8
probability,8
artificial,8
visualize,8
solutions,8
previous,8
areas,8
labs,8
multicloud,8
command,8
enable,8
form,8
example,8
needs,8
file,8
main,8
transform,8
final,8
foundations,8
weeks,8
unstructured,8
care,8
mining,8
case,8
future,8
wide,8
power,8
media,8
opportunity,8
powerful,8
support,8
assignments,8
required,8
execute,8
files,8
deploying,8
easily,8
ecosystem,8
iot,8
statements,8
learner,7
fast,7
face,7
explain,7
state,7
look,7
roles,7
trends,7
developers,7
student,7
fit,7
metrics,7
js,7
scaling,7
jquery,7
reports,7
smart,7
mobile,7
functional,7
does,7
tidyverse,7
times,7
domain,7
taken,7
hotdog,7
supervised,7
goal,7
critical,7
manipulate,7
summarize,7
ideal,7
second,7
ii,7
making,7
manipulation,7
insights,7
capabilities,7
objects,7
professional,7
professors,7
people,7
begin,7
visualizations,7
check,7
update,7
provided,7
warehouses,7
assistant,7
warehousing,7
widely,7
picture,7
openshift,7
applying,7
approach,7
cloudant,7
computers,7
performing,7
packages,7
rstudio,6
wants,6
learned,6
allow,6
algebra,6
leverage,6
descriptive,6
moving,6
chatbots,6
microshed,6
agriculture,6
possible,6
trading,6
accelerated,6
visual,6
single,6
banking,6
handle,6
powered,6
existing,6
websites,6
having,6
analyses,6
analytical,6
includes,6
platforms,6
forward,6
frameworks,6
architectures,6
dataframes,6
mathematics,6
following,6
deeper,6
specific,6
install,6
functionality,6
speed,6
related,6
modelling,6
relevant,6
mongodb,6
material,6
mllib,6
number,6
inference,6
scientist,6
operators,6
team,6
internet,6
setting,6
medical,6
tutorials,6
contexts,6
improve,6
type,6
lot,6
dimensionality,6
range,6
retrieve,6
machines,6
completing,6
representation,6
structured,6
risk,6
requirements,6
predict,6
useful,6
querying,6
looking,6
ability,6
shows,6
control,6
accelerating,6
elements,6
prognostication,6
predicting,6
findings,5
finish,5
manager,5
optimize,5
document,5
materialized,5
decisions,5
major,5
cluster,5
tjbot,5
unsupervised,5
dive,5
engineer,5
blocks,5
successful,5
bot,5
easy,5
execution,5
syntax,5
starting,5
little,5
challenges,5
base,5
reading,5
robots,5
download,5
limitations,5
backend,5
ee,5
uses,5
takes,5
microsoft,5
options,5
associated,5
don,5
discovering,5
stack,5
deployment,5
technique,5
php,5
quickly,5
bert,5
leading,5
supports,5
spreadsheet,5
resource,5
variables,5
concept,5
formats,5
nlp,5
come,5
graphx,5
combines,5
graphql,5
present,5
graphical,5
crash,5
portfolio,5
sets,5
journalism,5
typical,5
alibaba,5
playing,5
accessing,5
cross,5
great,5
interactive,5
yarn,5
redux,5
shell,5
predictions,5
content,5
hidden,5
scikit,5
containerized,5
add,5
hypermedia,5
intermediate,5
operator,5
issues,5
convolutional,5
advance,5
consumer,5
given,5
presentation,5
instructor,5
game,5
inside,5
select,5
approaches,5
module,5
fully,5
modules,5
coding,5
kind,5
numpy,5
dashboard,5
pivot,5
topic,5
app,5
recognize,5
gathering,5
configure,5
collection,5
non,5
general,5
academic,5
monitoring,5
quick,4
calculus,4
sharing,4
zookeeper,4
instance,4
installing,4
reviews,4
zara,4
establish,4
equipped,4
selection,4
huge,4
systemml,4
elasticsearch,4
right,4
hours,4
pages,4
paper,4
manipulating,4
secure,4
account,4
intended,4
supported,4
rapidly,4
maps,4
managed,4
particular,4
majority,4
effectively,4
implementing,4
scripts,4
shallow,4
values,4
study,4
environments,4
efficient,4
known,4
evaluate,4
public,4
asynchronously,4
plotting,4
phpmyadmin,4
publish,4
play,4
geo,4
scalability,4
answering,4
launch,4
assessment,4
splunk,4
sourcing,4
languages,4
small,4
landscape,4
spam,4
speech,4
sample,4
forecasting,4
satellite,4
aspects,4
pig,4
dynamic,4
appropriate,4
forms,4
articulate,4
lectures,4
volumes,4
action,4
virtualization,4
showing,4
event,4
everybody,4
examine,4
helping,4
pre,4
loading,4
view,4
stores,4
executive,4
exercise,4
issue,4
handling,4
extract,4
iterative,4
guide,4
quality,4
gui,4
growing,4
aims,4
badge,4
persistence,4
lifecycle,4
graphics,4
personal,4
pgadmin,4
heard,4
loops,4
companies,4
report,4
difference,4
unique,4
consume,4
opentracing,4
customize,4
customer,4
monitor,4
currently,4
current,4
dirty,4
discussed,4
discussion,4
config,4
crud,4
containerizing,4
credit,4
memory,4
created,4
overfitting,4
combine,4
meet,4
contents,4
movie,4
reporting,4
method,4
covered,4
dataframe,4
missing,4
reliable,4
depth,4
comprehensive,4
optimization,4
reduce,4
checking,4
clients,4
modernization,4
terms,4
detect,4
debugging,4
charting,4
characteristics,4
normalization,4
developed,4
chapters,4
reduction,4
orchestration,4
configuration,4
try,4
unlabeled,4
methodology,4
translate,4
organize,4
offered,4
coming,4
capable,4
ui,4
compare,4
maven,4
capture,4
offering,4
continuously,4
commonly,4
taking,4
recommender,4
doing,4
package,4
dependencies,4
comfortable,4
multi,4
documenting,4
algolia,3
graphframes,3
special,3
identifying,3
cloudpak,3
cqrs,3
decision,3
schemas,3
conversation,3
convenient,3
followed,3
oozie,3
follow,3
community,3
tweets,3
skill,3
focused,3
dealing,3
wrangling,3
adding,3
addition,3
additionally,3
host,3
token,3
website,3
art,3
modernizing,3
hateoas,3
arquillian,3
fourth,3
focuses,3
aspiring,3
frames,3
classical,3
demos,3
fields,3
recommended,3
spread,3
sacrificing,3
history,3
consistency,3
filter,3
filtering,3
demonstrate,3
theory,3
watch,3
accuracy,3
think,3
invoke,3
deeplearning,3
cql,3
scissors,3
sagemaker,3
thousands,3
delivered,3
profiling,3
pictures,3
degree,3
land,3
flexible,3
tictactoe,3
relationships,3
year,3
cli,3
dbaas,3
communicate,3
pipeline,3
ggplot2,3
generating,3
combination,3
generation,3
annotation,3
solving,3
traditional,3
jakarta,3
angularjs,3
kafka,3
angular,3
acquiring,3
cryptocurrency,3
solution,3
cors,3
solr,3
creation,3
jwt,3
jpa,3
opencv,3
analytic,3
jupyter,3
going,3
openapi,3
aggregation,3
recommend,3
http,3
acquisition,3
wish,3
allows,3
interpret,3
impact,3
culminating,3
answer,3
reinforcement,3
practitioner,3
idea,3
scripting,3
hard,3
acid,3
sketches,3
graphs,3
fun,3
preliminary,3
ms,3
refresher,3
cool,3
trained,3
offers,3
uncover,3
share,3
appointment,3
daily,3
keyspace,3
money,3
place,3
jaeger,3
gaining,3
workflow,3
gym,3
answers,3
traffic,3
relate,3
sorting,3
interpretation,3
demonstrated,3
feel,3
instruct,3
nvidia,3
entity,3
random,3
studies,3
parts,3
industries,3
enterprise,3
instructions,3
taught,3
read,3
overcome,3
enhance,3
probably,3
boot,3
self,3
probes,3
bootstrap,3
cars,3
version,3
origin,3
reactjs,3
review,3
messages,3
events,3
organizations,3
incredibly,3
question,3
privacy,3
cdi,3
integrate,3
organizing,3
bitcoin,3
especially,3
zipkin,3
strong,3
sent,3
utilize,3
teaching,3
display,3
enables,3
inheritance,3
parallel,3
draw,3
markdown,3
means,3
meaning,3
eda,3
researchers,3
injection,3
economics,3
concise,3
input,3
segmentation,3
called,3
driving,3
matter,3
conceptual,3
valuable,3
research,3
ds,3
validation,3
education,3
rdd,3
domains,3
vector,3
managers,3
conditional,3
emerging,3
documents,3
pak,3
broad,3
paintings,3
talks,3
map,3
elastic,3
browser,3
supply,3
require,3
validating,3
businesses,3
card,3
logs,3
discord,3
everyday,3
perspective,3
volume,3
voice,3
presents,3
leveraging,3
choose,3
standard,3
tests,3
connect,3
designing,3
readiness,3
person,3
exposure,3
desktop,3
strategies,3
light,3
product,3
background,3
oracle,3
import,3
let,3
news,3
textbook,3
impacts,3
spring,3
dependency,3
tutorial,3
intrusion,3
fault,3
consensus,3
realize,3
walks,3
walk,3
photos,3
attention,3
implementation,3
fallback,3
accomplish,3
yelp,3
sse,3
terminology,3
expose,3
updates,3
devops,3
beginners,3
quantum,3
localization,3
methodologies,3
perfect,3
differences,3
rock,3
chain,3
certain,3
differentiate,3
beginner,3
liveness,3
store,3
experimental,3
represent,3
lists,3
order,3
linux,3
sequence,3
expertise,3
increasing,3
true,3
profession,2
prerequisites,2
secrets,2
intensive,2
inspecting,2
obtain,2
installation,2
introducing,2
interfaces,2
proffesors,2
redis,2
navigate,2
primary,2
screen,2
integrity,2
interactivity,2
securing,2
numbers,2
notation,2
probabilistic,2
prepared,2
interviews,2
objective,2
integrating,2
recurrent,2
negative,2
scorm,2
seamlessly,2
primitives,2
intimidating,2
reconciliation,2
instructors,2
neo4j,2
notebook,2
redundancy,2
premise,2
ng,2
mathworks,2
nature,2
revolution,2
reactstrap,2
pattern,2
robot,2
logistic,2
logical,2
robust,2
readable,2
lives,2
ordinal,2
routinely,2
performs,2
quantitative,2
pytorch,2
persisting,2
purposes,2
purchase,2
philosophies,2
migration,2
lets,2
million,2
photo,2
left,2
runtime,2
low,2
mesos,2
photographs,2
revenue,2
materials,2
matplotlib,2
mastering,2
requiring,2
packaging,2
pact,2
mean,2
rdbms,2
responsive,2
paradigm,2
parametric,2
restore,2
result,2
median,2
requests,2
makers,2
maintain,2
randomization,2
merge,2
magic,2
outliers,2
reproducible,2
path,2
s3,2
millions,2
ios,2
pitfalls,2
montecarlo,2
regular,2
openrefine,2
scenario,2
registry,2
plays,2
junction,2
jumpstart,2
scenarios,2
openai,2
moves,2
joining,2
programmer,2
positive,2
javabeans,2
potential,2
practicing,2
multitude,2
scientific,2
murtaza,2
refine,2
offerings,2
named,2
plan,2
reasons,2
mini,2
moment,2
s4tf,2
minimum,2
minutes,2
physical,2
inspect,2
later,2
latency,2
optimized,2
lastly,2
lamp,2
lambdas,2
sampling,2
opportunities,2
matlab,2
satisfaction,2
relationship,2
providers,2
reasoning,2
operating,2
knative,2
say,2
kinds,2
relation,2
providing,2
äù,2
delete,2
toolkit,2
cost,2
coupled,2
coursera,2
covid,2
tracking,2
critically,2
csv,2
cu,2
custom,2
customers,2
tolerant,2
theano,2
dataops,2
days,2
declarative,2
define,2
defined,2
tidy,2
deliver,2
delivery,2
thorough,2
delve,2
convert,2
controlling,2
transfer,2
transformation,2
computations,2
compute,2
conduct,2
confidence,2
configuring,2
conjunction,2
connecting,2
consider,2
trial,2
trending,2
construct,2
constructs,2
transmission,2
containerize,2
transforming,2
transformer,2
contract,2
contracts,2
contrast,2
contrasting,2
transformations,2
demonstrations,2
derive,2
evaluating,2
suitable,2
ease,2
editing,2
editor,2
efficiently,2
summary,2
eligible,2
emails,2
embeddings,2
summarization,2
employees,2
suffer,2
described,2
enforce,2
enormous,2
submit,2
ensembles,2
stylization,2
style,2
equip,2
erds,2
strings,2
estate,2
earn,2
early,2
systemt,2
dynamics,2
designs,2
detecting,2
detector,2
device,2
devices,2
diagrams,2
tensor,2
temporal,2
tells,2
differently,2
difficult,2
tech,2
distinct,2
distribution,2
targets,2
django,2
dom,2
tackled,2
drive,2
tabular,2
dump,2
computational,2
computation,2
compression,2
applies,2
agile,2
word,2
wondered,2
alternative,2
ancient,2
andrew,2
animal,2
anlysis,2
anomaly,2
applicable,2
appreciate,2
completion,2
area,2
artistic,2
aside,2
assumed,2
wanted,2
asynchronous,2
vs,2
auto,2
automate,2
availability,2
worker,2
advantages,2
address,2
additional,2
15,2
19,2
201,2
301,2
abstraction,2
academia,2
accelerate,2
yes,2
according,2
years,2
accurately,2
yahoo,2
acknowledging,2
acquainted,2
acquired,2
www,2
activities,2
activity,2
actual,2
actually,2
actuarial,2
azure,2
backup,2
visualisation,2
cases,2
categorical,2
centered,2
centers,2
central,2
chaincode,2
challenging,2
chance,2
change,2
usage,2
charts,2
upcoming,2
cleansing,2
clouds,2
clusters,2
unit,2
collaboration,2
collected,2
com,2
commands,2
commercial,2
communicating,2
v2,2
v3,2
visit,2
vaccination,2
bayes,2
beautiful,2
beneficial,2
benefit,2
bias,2
biggest,2
biginsights,2
bigsheets,2
bit,2
verify,2
velocity,2
bots,2
boulder,2
brand,2
breakthroughs,2
brings,2
variance,2
caffe,2
calculate,2
calculations,2
carry,2
estimation,2
fifth,2
fastest,2
generated,2
friendly,2
helps,2
guidance,2
site,2
explicitly,2
explains,2
seventh,2
function,2
experts,2
space,2
gained,2
experiment,2
generalizability,2
hot,2
flask,2
groups,2
faster,2
hugging,2
spss,2
groupby,2
higher,2
short,2
familiarity,2
failures,2
facilitates,2
sheets,2
hundreds,2
forums,2
extremely,2
https,2
stakeholders,2
extraction,2
hypothesis,2
ide,2
externalizing,2
specifically,2
frame,2
external,2
starts,2
static,2
frequency,2
ideas,2
simplifying,2
firewall,2
focusing,2
sort,2
facial,2
impala,2
governance,2
injecting,2
fitted,2
gpus,2
excellent,2
gentle,2
initial,2
fits,2
eventual,2
inferential,2
goodness,2
finance,2
finding,2
eventually,2
infrastructures,2
informed,2
exactly,2
solid,2
sense,2
highly,2
indexing,2
implemented,2
serving,2
importantly,2
feedback,2
fellow,2
expected,2
spheres,2
serve,2
homework,2
stored,2
signals,2
exciting,2
soft,2
hosting,2
figures,2
innovation,2
versed,1
similar,1
quite,1
versatile,1
vertices,1
signal,1
versions,1
silicon,1
versus,1
vertica,1
verticals,1
scipy,1
visible,1
virus,1
scope,1
quantities,1
signs,1
virtualbox,1
significantly,1
streamed,1
vastly,1
veracity,1
readability,1
skilled,1
utilizes,1
utilized,1
scenes,1
utilities,1
usually,1
sleep,1
slide,1
slider,1
usecases,1
sizes,1
smaller,1
smoothing,1
sms,1
snapchat,1
usable,1
uploading,1
upload,1
upgrade,1
society,1
sketch,1
valence,1
ver,1
ratings,1
vendors,1
ranges,1
ranging,1
simplest,1
raspberry,1
raspcam,1
rates,1
simplicity,1
simplify,1
simulated,1
rdds,1
simulating,1
rays,1
variations,1
rcnn,1
simulator,1
variable,1
size,1
valley,1
validate,1
qualitative,1
wait,1
sign,1
wrong,1
proficiency,1
settings,1
writes,1
wraps,1
secret,1
settle,1
wrangle,1
worthy,1
worldwide,1
works,1
programmability,1
setup,1
workhorse,1
seven,1
worked,1
workbench,1
words,1
programmed,1
worded,1
programmers,1
word2vec,1
written,1
professor,1
siamese,1
sequel,1
äì,1
zoom,1
zombies,1
zillow,1
zero,1
zeppelin,1
youracclaim,1
semi,1
processor,1
processors,1
producer,1
send,1
younes,1
securely,1
productionized,1
sensitiveand,1
productive,1
sensors,1
xampp,1
products,1
sentences,1
scron,1
shakespeare,1
progress,1
wonder,1
weaknesses,1
waves,1
wave,1
shepherd,1
warehouse,1
scoping,1
waiting,1
really,1
pull,1
pulling,1
vocabulary,1
pulls,1
vmware,1
scopes,1
pure,1
purring,1
pursue,1
vms,1
viterbi,1
vital,1
showcase,1
provisioning,1
provisioned,1
webpages,1
proven,1
progression,1
progressive,1
won,1
prominent,1
proposal,1
proprietary,1
wisconsin,1
prototype,1
prove,1
provenance,1
shelf,1
winter,1
wikipedia,1
shape,1
widespread,1
scratch,1
shapes,1
went,1
scorecard,1
weekend,1
untapped,1
recently,1
rearrange,1
tandem,1
telecommunications,1
statement,1
tcl,1
tax,1
rule,1
reputation,1
ruin,1
targeted,1
target,1
statically,1
talking,1
rows,1
rubber,1
talk,1
tagging,1
requires,1
statisticians,1
tackle,1
tac,1
requisites,1
tablets,1
t5,1
tell,1
stanford,1
temperature,1
rules,1
rely,1
theoretical,1
remediate,1
removal,1
sqoop,1
removing,1
theme,1
renown,1
textual,1
rental,1
texts,1
runs,1
repeated,1
repertoire,1
replicating,1
reply,1
staff,1
stage,1
term,1
tensor2tensor,1
standalone,1
rpc,1
researcher,1
sqlite3,1
styles,1
successfully,1
storm,1
success,1
resulting,1
succeed,1
subscribe,1
rodbc,1
subjective,1
story,1
strain,1
retry,1
stock,1
studio,1
strange,1
struggling,1
strongly,1
stream,1
revolutionise,1
ridge,1
river,1
string,1
rigorous,1
storing,1
suggested,1
suggestions,1
suit,1
router,1
synthetic,1
syntactic,1
suspicious,1
surface,1
resilient,1
resize,1
resnet,1
sure,1
stocks,1
rounds,1
stones,1
supplement,1
responsibilities,1
superman,1
room,1
summarizing,1
stop,1
stopping,1
suited,1
stories,1
thinking,1
ryerson,1
unsuccessful,1
recovery,1
recognizing,1
typesafe,1
scaffold,1
recommendations,1
tv,1
sparkr,1
turtle,1
turning,1
tune,1
record,1
tuberculosis,1
satisfy,1
sparksql,1
trying,1
recreating,1
troubleshooting,1
saved,1
tries,1
recruiters,1
tribulations,1
save,1
trials,1
uber,1
ubiquitous,1
ubuntu,1
ultimately,1
unlock,1
unlike,1
reason,1
solidify,1
uniquely,1
solved,1
undertake,1
recall,1
underpinnings,1
recast,1
underlying,1
undergraduate,1
soon,1
underfitting,1
uncovering,1
receive,1
received,1
sophisticated,1
receiving,1
strengths,1
recognise,1
sparsity,1
trend,1
threshold,1
safe,1
salary,1
regional,1
tracker,1
tpu,1
regressions,1
regularly,1
tour,1
totally,1
torch,1
spotter,1
tooling,1
satisfactions,1
toolboxes,1
tone,1
saas,1
relates,1
tolerance,1
toe,1
spyder,1
tic,1
sees,1
releases,1
spend,1
regardless,1
trainers,1
speeds,1
treatment,1
reducer,1
trax,1
spatial,1
translated,1
spatio,1
transitioning,1
speak,1
refer,1
specializations,1
sas,1
sapiq,1
reference,1
specifications,1
spectrum,1
refers,1
saliency,1
transcription,1
reformer,1
transactions,1
transactional,1
segment,1
000,1
private,1
desired,1
difficulties,1
differ,1
die,1
did,1
dialects,1
diagramming,1
diagnostics,1
devoted,1
determining,1
details,1
desire,1
dimensional,1
describing,1
describes,1
derivatives,1
deployed,1
depending,1
departments,1
denormalization,1
demonstrates,1
demands,1
demand,1
difficulty,1
directly,1
drift,1
dives,1
drawbacks,1
dozens,1
downloads,1
doubt,1
dollar,1
dog,1
dml,1
divs,1
diving,1
divide,1
diverse,1
discipline,1
distributions,1
distributes,1
distinguish,1
distance,1
disruptive,1
disks,1
disk,1
diseases,1
discussions,1
discovery,1
delves,1
delta,1
delivering,1
conversational,1
crawlers,1
cqlsh,1
counterfactuals,1
correlation,1
correct,1
corpus,1
copying,1
convolutions,1
convey,1
conversations,1
conversant,1
deleting,1
controlled,1
contributions,1
contribute,1
contrasts,1
continuous,1
continues,1
continuation,1
contextualize,1
contain,1
consultant,1
creativity,1
crucial,1
curious,1
currency,1
degradations,1
definition,1
definitely,1
decoder,1
decide,1
decay,1
decade,1
debate,1
deal,1
ddl,1
dcl,1
datamining,1
datafframes,1
datacamp,1
databricks,1
daemon,1
d3,1
cycle,1
customizing,1
curve,1
curricula,1
drawn,1
drill,1
fantastic,1
exceeds,1
expects,1
expand,1
existed,1
exist,1
executions,1
executing,1
executable,1
excited,1
exchange,1
excessive,1
exam,1
experiencing,1
evolving,1
evolution,1
evening,1
evaluations,1
evaluation,1
evaluated,1
etl,1
es6,1
es,1
errors,1
experienced,1
expert,1
drives,1
extended,1
fail,1
faculty,1
factors,1
facing,1
facebook,1
extraordinarily,1
extractors,1
extracted,1
extra,1
externalize,1
extend,1
explaining,1
expressivity,1
expressed,1
express,1
exposition,1
exposes,1
exponentially,1
exponential,1
explores,1
exploration,1
explanation,1
erd,1
era,1
er,1
economical,1
elasticity,1
eks,1
egyptians,1
effort,1
efficiency,1
eds,1
edit,1
edges,1
ecs,1
ecr,1
ebay,1
equivalent,1
eat,1
easier,1
earnings,1
earning,1
earlier,1
durability,1
duck,1
drops,1
dropout,1
dropbox,1
electromagnetic,1
elisa,1
emergent,1
emotion,1
entry,1
entities,1
entire,1
entertainment,1
enterprises,1
entails,1
ensures,1
ensure,1
enrolling,1
enroll,1
enhancement,1
english,1
engines,1
engaging,1
ends,1
endpoints,1
encoder,1
enabled,1
empowered,1
employers,1
emphasis,1
construction,1
constructing,1
constitutes,1
assembling,1
asterixdb,1
assumptions,1
assumption,1
assumes,1
assign,1
asset,1
assessments,1
assessing,1
assessed,1
assess,1
assemble,1
atomic,1
aspect,1
ask,1
articles,1
arriving,1
arrays,1
arm,1
archival,1
architectural,1
approachable,1
appreciation,1
astronomical,1
atomicity,1
console,1
avoid,1
bean,1
beakers,1
batch,1
baseline,1
barking,1
ball,1
balancing,1
balance,1
bag,1
avoids,1
automation,1
attending,1
automatically,1
automatic,1
automated,1
author,1
augmentation,1
audio,1
audiences,1
audience,1
attribute,1
attracted,1
anti,1
animation,1
analyse,1
accessible,1
active,1
activation,1
actionable,1
act,1
acknowledge,1
achievement,1
achieved,1
achieve,1
accurate,1
accompanying,1
acceleration,1
ample,1
aca,1
50,1
40,1
3d,1
2048,1
1st,1
16,1
14,1
13,1
110,1
ad,1
adaptable,1
adaptive,1
added,1
amounts,1
america,1
allocated,1
algorithmic,1
alexnet,1
alerts,1
alert,1
ajax,1
aiops,1
aim,1
agility,1
aggregates,1
agents,1
agent,1
affects,1
affect,1
admissions,1
administrators,1
adept,1
addresses,1
addressed,1
behave,1
behaviours,1
believe,1
cognitive,1
comments,1
commenting,1
comes,1
combining,1
columns,1
columnar,1
color,1
collections,1
collect,1
collaborative,1
coder,1
ci,1
cocacola,1
coat,1
cntk,1
cnn,1
cloudera,1
click,1
clearly,1
clear,1
clauses,1
classic,1
communication,1
compared,1
comparing,1
comparison,1
consist,1
considering,1
connections,1
connected,1
confounding,1
configured,1
configurations,1
configmaps,1
confidently,1
conducted,1
conditionals,1
conclusions,1
conclude,1
comprise,1
composer,1
composed,1
component,1
complies,1
completes,1
competitors,1
compelling,1
classes,1
choosing,1
bensouda,1
book,1
button,1
builders,1
browsers,1
broker,1
bring,1
brief,1
brewing,1
breaking,1
brain,1
boost,1
bonds,1
choice,1
blur,1
blue,1
blu,1
blood,1
blogs,1
block,1
bird,1
bio,1
bind,1
billion,1
caching,1
calculator,1
came,1
canvas,1
chips,1
changed,1
challenge,1
certification,1
certainly,1
ceph,1
census,1
cdn,1
cd,1
causal,1
category,1
categorise,1
catch,1
catalog,1
cat,1
cascading,1
carved,1
cartpole,1
carlo,1
cardinality,1
car,1
famous,1
fcn,1
print,1
monte,1
naive,1
mxnet,1
mutations,1
multimedia,1
multilayer,1
movies,1
mourri,1
mountain,1
motivate,1
motion,1
monoliths,1
needing,1
monolithic,1
monetize,1
modifying,1
modify,1
modification,1
modernize,1
moderate,1
modeler,1
moddels,1
mlops,1
nb,1
negotiator,1
openings,1
numerous,1
onramp,1
onclick,1
onchange,1
oil,1
office,1
offer,1
occupation,1
obvious,1
observe,1
objectives,1
numeric,1
ner,1
novice,1
notebooks,1
normalizing,1
noaa,1
nile,1
newly,1
newcomer,1
neuroscience,1
networking,1
net,1
mission,1
missed,1
miss,1
maintainable,1
marketing,1
market,1
mapreduce1,1
mapr,1
mapper,1
mangement,1
manageable,1
mamp,1
makes,1
maker,1
mahout,1
minnesota,1
macro,1
mac,1
maas,1
lstms,1
lstm,1
loss,1
loses,1
loosely,1
loop,1
lookup,1
marketplace,1
mask,1
massive,1
math,1
minimize,1
mind,1
migrating,1
middleware,1
middle,1
mid,1
metal,1
metadata,1
messy,1
messenger,1
mesh,1
merging,1
memories,1
medium,1
mechanics,1
measure,1
meant,1
meaningful,1
maximum,1
matrix,1
mathematician,1
oo,1
opens,1
featurization,1
plans,1
polish,1
points,1
pointing,1
point,1
pocket,1
plugins,1
plot,1
plethora,1
plenty,1
pleasing,1
plane,1
popularity,1
pink,1
pinch,1
pigs,1
pieces,1
piece,1
pi,1
phrases,1
phones,1
phone,1
phases,1
poorly,1
populate,1
operate,1
preferring,1
primer,1
preview,1
prevent,1
prevalent,1
pretty,1
presented,1
presentations,1
preparing,1
preparate,1
pregel,1
preferred,1
population,1
preferably,1
prediction,1
predicted,1
precisely,1
precipitation,1
practitioners,1
powerfully,1
pose,1
pos,1
ports,1
pets,1
pervasive,1
pertains,1
organization,1
paragraphs,1
pair,1
painting,1
pain,1
pace,1
paas,1
outlined,1
originate,1
oriented,1
organized,1
org,1
pertaining,1
ordinate,1
orchestrate,1
orc,1
optional,1
option,1
optimizing,1
optimal,1
ops,1
operational,1
operation,1
paramount,1
pare,1
parquet,1
partially,1
perspectives,1
personalize,1
persist,1
perishable,1
peripheral,1
period,1
performed,1
perfectly,1
perceptrons,1
perceptions,1
perception,1
peer,1
paxos,1
patients,1
paths,1
past,1
passed,1
partners,1
partitions,1
participate,1
participants,1
longer,1
long,1
london,1
gru,1
hear,1
head,1
hazy,1
hat,1
happens,1
happened,1
handy,1
handing,1
haider,1
guiding,1
grows,1
herald,1
grouping,1
grounding,1
ground,1
greetings,1
greater,1
grasp,1
graphiql,1
grammars,1
gram,1
gradually,1
helped,1
highest,1
logging,1
humans,1
iii,1
ignite,1
igm,1
igg,1
ids,1
identified,1
iaas,1
hypotheses,1
hyperparameters,1
hyperledger,1
hugo,1
hoc,1
hp,1
house,1
hourly,1
hottest,1
hosted,1
hortonworks,1
hopkins,1
hone,1
holt,1
holistic,1
grading,1
graded,1
grade,1
fluff,1
frequent,1
fpm,1
foundry,1
formatting,1
formation,1
formalism,1
foreign,1
forecasts,1
flux,1
flume,1
fluency,1
grab,1
flow,1
flooding,1
flash,1
flamingo,1
finished,1
fine,1
filters,1
figure,1
fiction,1
fetch,1
friends,1
frontend,1
functioning,1
furthering,1
government,1
goldsmiths,1
glove,1
global,1
glimpse,1
glassdoor,1
github,1
giraph,1
ggplot,1
gets,1
german,1
gephi,1
genres,1
genome,1
generic,1
generate,1
geared,1
gcp,1
gated,1
gamma,1
games,1
imaginary,1
imaging,1
implementations,1
kubernates,1
layers,1
lasso,1
larger,1
landing,1
lambda,1
lakes,1
lakehouses,1
lake,1
lacking,1
100,1
kubectl,1
join,1
knowing,1
knime,1
kmeans,1
kernels,1
keras,1
keeping,1
kappa,1
kaizen,1
kaiser,1
jvm,1
lead,1
leadership,1
leaked,1
leaving,1
log,1
locally,1
localize,1
local,1
live,1
list,1
links,1
link,1
linguistics,1
lineage,1
limiting,1
limited,1
likely,1
lightsail,1
lightning,1
libaries,1
levels,1
lesson,1
legacy,1
ledgers,1
lecture,1
jump,1
johns,1
implements,1
individually,1
inspiring,1
insight,1
insert,1
inject,1
initially,1
infrared,1
informatics,1
influenza,1
industrial,1
individuals,1
indicators,1
iteration,1
indicator,1
indexes,1
increased,1
increase,1
incorporate,1
inconsistency,1
included,1
improving,1
improved,1
importing,1
instead,1
institute,1
instruction,1
instrumental,1
isolation,1
iscxids2012,1
irrelevant,1
irobot,1
involving,1
involve,1
intuition,1
intro,1
interval,1
internals,1
internal,1
interests,1
interesting,1
interdisciplinary,1
interacts,1
interactively,1
interactions,1
interacting,1
interact,1
intent,1
integrated,1
label,1
